Dates,Within 6 Months,Within 12 Months,Within 24 Months,Recession
date,number,number,number,number
1976-01-01,0.0281066154,0.0163313519,0.390367071,-1
1976-02-01,0.027665661785801664,0.016535161050545265,0.476847874212743,-1
1976-03-01,0.026912785143995872,0.018480834300901333,0.5744400345739114,-1
1976-04-01,0.025638437697264062,0.021387656006371047,0.6602572528409221,-1
1976-05-01,0.02910388842443558,0.03276463090812821,0.7303448829632322,-1
1976-06-01,0.03752179301548416,0.06901291049415749,0.7859740062750762,-1
1976-07-01,0.04730389966903026,0.10900532847919993,0.8301257622400172,-1
1976-08-01,0.05741028212134157,0.1314509080042293,0.8645349224845729,-1
1976-09-01,0.057286688122685836,0.12048340390876264,0.8889164729843844,-1
1976-10-01,0.059416824837418614,0.11690988736813396,0.905880772217565,-1
1976-11-01,0.0665214665424427,0.12644280914655373,0.9224118411043709,-1
1976-12-01,0.06403759229405821,0.11694284306654956,0.9362089958612054,-1
1977-01-01,0.07374818317636211,0.1333362431673822,0.947433379530259,-1
1977-02-01,0.07330852663372324,0.12736471118351492,0.9575795293705673,-1
1977-03-01,0.07934690133859933,0.1326781895485251,0.96632860519805,-1
1977-04-01,0.08709890643992282,0.13067275187711702,0.9721787643593425,-1
1977-05-01,0.09280491921952466,0.1300289550937513,0.9768771126766339,-1
1977-06-01,0.09866001353429424,0.13066666941132482,0.9789352919586608,-1
1977-07-01,0.09680755748833786,0.12995344063496683,0.9798961240518178,-1
1977-08-01,0.09942627907211363,0.1378779035152589,0.9794646633591162,-1
1977-09-01,0.11350328625132705,0.17028914963904268,0.9737083822057776,-1
1977-10-01,0.14250704595498628,0.21919135245941002,0.9574379534724642,-1
1977-11-01,0.17949558756151607,0.2951229537860732,0.9549512438172855,-1
1977-12-01,0.2185438018664277,0.3736104504118285,0.9533601510128025,-1
1978-01-01,0.304931548880934,0.4827111176204113,0.9629798642497824,-1
1978-02-01,0.3867624074423259,0.570740499104176,0.9706158635649489,-1
1978-03-01,0.4424285270620565,0.6367622662305695,0.9766775733126378,-1
1978-04-01,0.41666902434321207,0.6667723177007451,0.9814888130027749,-1
1978-05-01,0.36879685099330767,0.6885614367400308,0.9853075766021879,-1
1978-06-01,0.3535761610653678,0.7179760581255515,0.9883384430247361,-1
1978-07-01,0.36061437544801,0.7575480153719502,0.9907441957744413,-1
1978-08-01,0.3974923423739718,0.7946267014693666,0.9926536595424877,-1
1978-09-01,0.43058926813105447,0.8187037297084796,0.9941692021045735,-1
1978-10-01,0.5039013996958951,0.8437773596297935,0.9953720749429982,-1
1978-11-01,0.5642228395465132,0.8656008763772256,0.996326798408811,-1
1978-12-01,0.6179454574334899,0.8842836234527639,0.997084374264927,-1
1979-01-01,0.6324230661402721,0.8973099479924448,0.9976857250053601,-1
1979-02-01,0.6473427565878971,0.899504313744097,0.9981626604649928,-1
1979-03-01,0.6541536930634025,0.8949393098349093,0.998541479593662,-1
1979-04-01,0.688041848561355,0.8994266859795089,0.9983083279544864,-1
1979-05-01,0.7231105261665237,0.9038519422900493,0.998059746401793,-1
1979-06-01,0.734329045916341,0.9002329391329645,0.9977306038426097,-1
1979-07-01,0.7438431989712687,0.8849947515356158,0.9974639762046169,-1
1979-08-01,0.7339183946441995,0.8601959189411378,0.9968339432419956,-1
1979-09-01,0.747687235450167,0.8545574071057818,0.9962550105275971,-1
1979-10-01,0.7674850582548345,0.8494927944206982,0.9947476718003463,-1
1979-11-01,0.7855854959813563,0.8565056208359754,0.9938594306210173,-1
1979-12-01,0.7963760675834664,0.8673989966947262,0.9932404922756856,-1
1980-01-01,0.7986740727257804,0.8597845976267253,0.9915471103829224,-1
1980-02-01,0.7973678629892029,0.8654422282724656,0.9912536063299576,100
1980-03-01,0.7952904100001943,0.8669829798814136,0.9899479681039514,100
1980-04-01,0.7655088245873518,0.822191194454577,0.9870569214787301,100
1980-05-01,0.7655111880392552,0.8137937174148457,0.9856638254275858,100
1980-06-01,0.7446434040311785,0.8004718284299924,0.9869469040102993,100
1980-07-01,0.6930923822133515,0.7230965025184264,0.9712887253674716,100
1980-08-01,0.6745043372227533,0.7034101138252242,0.9675349062720833,-1
1980-09-01,0.6156624444562036,0.718989951432003,0.9742315784852709,-1
1980-10-01,0.534768973645693,0.7451884031749122,0.9795474678306118,-1
1980-11-01,0.44003292037842756,0.678946641903983,0.9808070882439203,-1
1980-12-01,0.45696728778719176,0.727738460195801,0.9834118741010902,-1
1981-01-01,0.5076284108056978,0.7441470819941397,0.9834500866017282,-1
1981-02-01,0.5540564671768234,0.7588301952080325,0.9840108322755564,-1
1981-03-01,0.5238516328786138,0.7104090613787332,0.9822425620439863,-1
1981-04-01,0.4505111323077986,0.5989792459614471,0.9080505670647872,-1
1981-05-01,0.45295712245308817,0.6402807631561895,0.9252268051578184,-1
1981-06-01,0.492719607717443,0.6626974374065032,0.9361037593057422,-1
1981-07-01,0.5323521496540968,0.6980564688039878,0.9452896930354491,-1
1981-08-01,0.5992843790846939,0.7432324443001996,0.9481518944268561,100
1981-09-01,0.6596314329977968,0.7838904386026727,0.9529084627523408,100
1981-10-01,0.702116220242088,0.8173637001453633,0.958111540187192,100
1981-11-01,0.7290347925622069,0.8414983142263364,0.9615409627144095,100
1981-12-01,0.6749311438978428,0.7815435366359146,0.9109271781837482,100
1982-01-01,0.6308568791990457,0.7148245718673856,0.8469100092886835,100
1982-02-01,0.6382091905891338,0.7078495338862308,0.8336880841015684,100
1982-03-01,0.6598638765384175,0.7236009732602355,0.8369373943738067,100
1982-04-01,0.6168088734351158,0.6932251412304962,0.815016384764611,100
1982-05-01,0.560004711085499,0.6263357066278573,0.7521180892196488,100
1982-06-01,0.5086859920571332,0.5439848780178849,0.6623050834257239,100
1982-07-01,0.5010029074437093,0.5246776768558424,0.6448816891781531,100
1982-08-01,0.4444927433804574,0.4656842636172352,0.5917047242351632,100
1982-09-01,0.40973802338450194,0.42743762078613906,0.5665074085692167,100
1982-10-01,0.3752637814065913,0.39039910623866686,0.5438021444344245,100
1982-11-01,0.3665999950676455,0.37910111145147957,0.5474896466036543,100
1982-12-01,0.3154555967466922,0.323464349155897,0.4871773448502206,-1
1983-01-01,0.2760273235206909,0.2821188050504481,0.4480632652066689,-1
1983-02-01,0.2698731044707076,0.2792924464213852,0.4630274128884274,-1
1983-03-01,0.2626181497077074,0.2741243431480837,0.4718267962211708,-1
1983-04-01,0.2444699239535542,0.2577514617755874,0.46453727434112285,-1
1983-05-01,0.23469306717415034,0.25042069358464547,0.4654233686976803,-1
1983-06-01,0.22399097777633384,0.2441271793630673,0.46716147925135726,-1
1983-07-01,0.2175478069863569,0.24243932452463543,0.4727036463457035,-1
1983-08-01,0.17449951118481427,0.1987968994331965,0.40069873115520005,-1
1983-09-01,0.13916811133437124,0.16249617405627848,0.3461009248832628,-1
1983-10-01,0.11100562729356396,0.1332024636585927,0.30094328611212956,-1
1983-11-01,0.08915939734056315,0.11662323389630717,0.2950507438977074,-1
1983-12-01,0.07200250619677087,0.10556868000649826,0.30490679455791214,-1
1984-01-01,0.06129752224762776,0.11663794296570595,0.3473561515261651,-1
1984-02-01,0.053386757759150825,0.12823227370198875,0.38390815949067314,-1
1984-03-01,0.04831413327857419,0.14649177823625364,0.42448751045514166,-1
1984-04-01,0.06015512226491887,0.21136976858949919,0.4952427593611378,-1
1984-05-01,0.09312087613418692,0.2942246835859951,0.5661920566043885,-1
1984-06-01,0.151997648229881,0.374965294440714,0.6274962455464432,-1
1984-07-01,0.172067915921134,0.41575528724587363,0.6660748965054298,-1
1984-08-01,0.1573811964448748,0.4126823521215194,0.6793354768101438,-1
1984-09-01,0.15164597401470256,0.4117693636861483,0.6846815537873466,-1
1984-10-01,0.13673663607594141,0.3980892796123746,0.6815830786764037,-1
1984-11-01,0.13374307501872093,0.3807935260291433,0.6636072962865944,-1
1984-12-01,0.11810139674246622,0.3317516214406748,0.604372717161713,-1
1985-01-01,0.1057670084789988,0.2843021179401187,0.5386438736959043,-1
1985-02-01,0.092069452759836,0.2420323628393865,0.4796797453195272,-1
1985-03-01,0.08448657747582948,0.21111634554361247,0.4366008605185217,-1
1985-04-01,0.07490954640583172,0.18361609238478535,0.39648632685801144,-1
1985-05-01,0.06545016556786179,0.15786410987534835,0.353434663305923,-1
1985-06-01,0.06019246372088399,0.1367510345267939,0.3132169888437711,-1
1985-07-01,0.06737230299043437,0.12463631058381036,0.2873577629021747,-1
1985-08-01,0.07994493895909466,0.1153214363223174,0.26489080772287743,-1
1985-09-01,0.09507376114170127,0.10850005172532338,0.2466135839359899,-1
1985-10-01,0.09151375190792893,0.09875359903814483,0.22656945008347654,-1
1985-11-01,0.0774676701998947,0.08606149920543545,0.2063494113437763,-1
1985-12-01,0.06390860411789591,0.07470264368719516,0.1898384282149648,-1
1986-01-01,0.05497871146618645,0.07014682989493504,0.18710748446153094,-1
1986-02-01,0.04705801014711595,0.06664207977973113,0.18760292414719698,-1
1986-03-01,0.04280954216534087,0.06569740866369964,0.19142318573981648,-1
1986-04-01,0.04814855564346566,0.07093454300361553,0.20087710730664823,-1
1986-05-01,0.052757263644930635,0.07298702496939216,0.2045350392576809,-1
1986-06-01,0.05017491056793592,0.06813282391261724,0.19577441168532314,-1
1986-07-01,0.04595622977094984,0.062399294795182435,0.18455620308630663,-1
1986-08-01,0.04103556387136329,0.05830070341262371,0.1774006075311907,-1
1986-09-01,0.03949547402082623,0.05719043031759766,0.173370841255976,-1
1986-10-01,0.034008200148391995,0.051344936120563164,0.16017215826946973,-1
1986-11-01,0.030854735590607224,0.04748942515433708,0.15029035007457814,-1
1986-12-01,0.028652678956800154,0.044899441986205595,0.14278266717052876,-1
1987-01-01,0.024593489420120185,0.04156542519371845,0.1386255788551507,-1
1987-02-01,0.02199368151478694,0.03939354196159899,0.1349257495105611,-1
1987-03-01,0.019845104610688905,0.03926040711971362,0.13765907595576402,-1
1987-04-01,0.017809144671716463,0.04282614158444893,0.15563484261891722,-1
1987-05-01,0.016422327449660448,0.05337812126326828,0.20029866242116862,-1
1987-06-01,0.014968652719245454,0.06073863840798588,0.23787681026259644,-1
1987-07-01,0.01321043103722235,0.061192126549648514,0.25520595826889836,-1
1987-08-01,0.012475635295909147,0.06971936929971552,0.2921118781297517,-1
1987-09-01,0.01231572902609241,0.08197623656616951,0.33818542178479577,-1
1987-10-01,0.0238412753586612,0.14215063492556906,0.41779975949651427,-1
1987-11-01,0.04826084062663531,0.20516035304540253,0.48545145909729914,-1
1987-12-01,0.04897156099985758,0.21606357114066466,0.5109064941681636,-1
1988-01-01,0.06364010699411157,0.24291301137268737,0.538702991512553,-1
1988-02-01,0.0911620295118277,0.28158110791928803,0.5710261012203289,-1
1988-03-01,0.10981338962124222,0.3008861132220603,0.5838585224773696,-1
1988-04-01,0.12082379246990882,0.31097450684441613,0.5904868272913371,-1
1988-05-01,0.11543880799366034,0.2966706227435913,0.5747918284873385,-1
1988-06-01,0.12664806394251837,0.3007582451544877,0.5729031990554673,-1
1988-07-01,0.14937725439906663,0.3255145842266095,0.5891945391160299,-1
1988-08-01,0.197652322773622,0.3742008439828334,0.6209833415198861,-1
1988-09-01,0.2187971755340737,0.400153143700819,0.6388492960531795,-1
1988-10-01,0.18003580241181752,0.3500097122157526,0.5986015700400485,-1
1988-11-01,0.14566087784310058,0.29802055260969035,0.5499630436773314,-1
1988-12-01,0.11910847376546946,0.27170158720389315,0.5441456412673507,-1
1989-01-01,0.09779036679961459,0.2514077501250483,0.5435004285289299,-1
1989-02-01,0.08693827607938034,0.2647002903195996,0.5695708973806901,-1
1989-03-01,0.07874616921193742,0.2956062867300342,0.6123702730482513,-1
1989-04-01,0.07169724523001247,0.3232883235640197,0.6509323720017961,-1
1989-05-01,0.06375694099167455,0.3283458497446211,0.6697477826928144,-1
1989-06-01,0.06448210089119401,0.34603751342061617,0.6849893342659581,-1
1989-07-01,0.06163164284428943,0.3387343446035471,0.6812039747869778,-1
1989-08-01,0.05676276344070733,0.3115399950774692,0.6543014618021575,-1
1989-09-01,0.05325947505098377,0.281206848179524,0.6143695521343924,-1
1989-10-01,0.04756641049470492,0.24670612999633446,0.5646525656065596,-1
1989-11-01,0.041038409831711475,0.2127835421548675,0.5138805776852354,-1
1989-12-01,0.034938115790936634,0.18225635432924453,0.46348314276104474,-1
1990-01-01,0.03975970775819633,0.17600727089870422,0.44293770444103564,-1
1990-02-01,0.03589621992622445,0.15838270941848642,0.4110000868476982,-1
1990-03-01,0.034457265761502535,0.15277593125368474,0.4021934648715578,-1
1990-04-01,0.038036824613559936,0.15361100805717579,0.3958002501190976,-1
1990-05-01,0.042238123115801565,0.16189438704438847,0.4054292939292795,-1
1990-06-01,0.043707191383714164,0.15822260698307428,0.3985067347050055,-1
1990-07-01,0.07334628963160365,0.1902768523894619,0.4261556427161902,-1
1990-08-01,0.16136472566753604,0.26599522839122774,0.4811751379507455,100
1990-09-01,0.285785525659486,0.36435658818729283,0.5493177018877077,100
1990-10-01,0.3872207410027232,0.45665750145665107,0.6157963667547355,100
1990-11-01,0.4580938798158495,0.5277951356177509,0.6687744377078835,100
1990-12-01,0.5022796510485532,0.5809472690984665,0.7094961367087089,100
1991-01-01,0.45160854162214453,0.5542058924012907,0.7007630132398892,100
1991-02-01,0.37265529391552965,0.47574627267535696,0.6407272391517513,100
1991-03-01,0.3111388145586245,0.4015235597598949,0.5671297508365776,100
1991-04-01,0.25954689405008124,0.3381623227499078,0.5026977917108294,-1
1991-05-01,0.2272410867694194,0.28810622471246783,0.44595039860792324,-1
1991-06-01,0.1957125919102312,0.24375332890844542,0.39286725841201475,-1
1991-07-01,0.16117757985772288,0.20535428974888448,0.34955847962644004,-1
1991-08-01,0.12948365347336424,0.16972504145063244,0.30817193051526504,-1
1991-09-01,0.10392640950029523,0.13928034696789696,0.26694444393283734,-1
1991-10-01,0.08386917456578838,0.11497792173343199,0.23237604164563758,-1
1991-11-01,0.06926003857736902,0.0971217424627859,0.20652256696165264,-1
1991-12-01,0.05701865056344636,0.08246375034473025,0.18654272604610284,-1
1992-01-01,0.04858229626222738,0.07254778288173536,0.17380596157105932,-1
1992-02-01,0.0446437067975641,0.06700213193945459,0.16713220827155698,-1
1992-03-01,0.04367387438313527,0.0662579099002243,0.17265869779824777,-1
1992-04-01,0.04144528425519984,0.06393974125698407,0.17281776110898917,-1
1992-05-01,0.0429046730880734,0.06431725574943188,0.17740171351076386,-1
1992-06-01,0.03975186546214743,0.062019529125250855,0.1765545757459379,-1
1992-07-01,0.037316412027433445,0.05909383868685393,0.17181886661344287,-1
1992-08-01,0.0422311989287227,0.0594458323396979,0.17034999479848625,-1
1992-09-01,0.04296114139941541,0.05884108824015246,0.16792981199405135,-1
1992-10-01,0.04479953850060238,0.05903112505645842,0.1684331658572103,-1
1992-11-01,0.04075778598469833,0.05625334535180805,0.16538456583710218,-1
1992-12-01,0.04270176049624975,0.060384073602876016,0.17690833405160317,-1
1993-01-01,0.036638828081472924,0.053695076622375396,0.15611093424339648,-1
1993-02-01,0.03099929373508277,0.047360916239145574,0.13836742010590208,-1
1993-03-01,0.02611662061418866,0.04117637000739768,0.12215269268440623,-1
1993-04-01,0.025015061814921663,0.03968862156488631,0.1148184655096241,-1
1993-05-01,0.02337701512686067,0.037907230585820274,0.1083024192172838,-1
1993-06-01,0.021613458972097394,0.03611534285826822,0.10279429315175542,-1
1993-07-01,0.02002251518704681,0.034639882489022424,0.09935849724181284,-1
1993-08-01,0.017440410816009416,0.03243905319300305,0.09712244737468169,-1
1993-09-01,0.016222133240904664,0.03224418190672315,0.09838238545945863,-1
1993-10-01,0.014994484589576654,0.03188346197312289,0.1000301329317117,-1
1993-11-01,0.015791099283066736,0.03462869724885638,0.10681215460830978,-1
1993-12-01,0.015556472852396985,0.03559973547413431,0.1101504346424488,-1
1994-01-01,0.014337354145570039,0.03479673348822579,0.11059670043871593,-1
1994-02-01,0.01420447476763011,0.036052732240492366,0.11486346301950973,-1
1994-03-01,0.015814146183806676,0.04065703820376423,0.12488565369708368,-1
1994-04-01,0.015577058455849634,0.04332244702635308,0.13323494645139866,-1
1994-05-01,0.01493621477132211,0.0458820567681687,0.14180079400104728,-1
1994-06-01,0.01447130591567665,0.04926243807716679,0.15671739182134936,-1
1994-07-01,0.014218632276512893,0.05352193434932445,0.17394059482379942,-1
1994-08-01,0.01426156367638977,0.05884362160438862,0.19245671052440527,-1
1994-09-01,0.016349290345042684,0.07425487555569898,0.2316149557341965,-1
1994-10-01,0.01921650318192338,0.09575823265760039,0.278422033703824,-1
1994-11-01,0.02711250557536156,0.13090756048479674,0.33389875164109883,-1
1994-12-01,0.029522558297079463,0.14724606276521326,0.3681653518109246,-1
1995-01-01,0.0346314078603058,0.17050491321203087,0.41101432130879323,-1
1995-02-01,0.03332480862319888,0.17514983463768055,0.4375822482352314,-1
1995-03-01,0.03234814102741867,0.18835612182410771,0.4803887322493672,-1
1995-04-01,0.030486736598785643,0.1915203892388927,0.5070218230029223,-1
1995-05-01,0.028918339731603328,0.19048262539048672,0.5201366571239401,-1
1995-06-01,0.029358919999123788,0.19599773755917016,0.5354715415227899,-1
1995-07-01,0.03014447827663389,0.19765407129811108,0.5402172223531124,-1
1995-08-01,0.03231958876069141,0.19898067701292776,0.5384750029429629,-1
1995-09-01,0.027568099468936062,0.17266150912352896,0.49350678418993554,-1
1995-10-01,0.0244472319773531,0.1523157829780303,0.4529897520507985,-1
1995-11-01,0.02102258617736124,0.1323832949469802,0.40881274036253185,-1
1995-12-01,0.019157419723106778,0.11866826335841957,0.37561611247583043,-1
1996-01-01,0.017961378073454805,0.10760814481630458,0.34584404170290556,-1
1996-02-01,0.017816663247678076,0.1002569536291935,0.323029767516257,-1
1996-03-01,0.016861429213220494,0.09053917953881718,0.29447184939007115,-1
1996-04-01,0.015312610967712335,0.08105591125731611,0.27084944553824936,-1
1996-05-01,0.01374238140430311,0.07230756174263928,0.24932631962545923,-1
1996-06-01,0.013041606866750197,0.06840485438276149,0.24148284351091628,-1
1996-07-01,0.014549777910395092,0.07193461629205618,0.25085309552524526,-1
1996-08-01,0.014344165989121692,0.07086706621320599,0.2527808225213867,-1
1996-09-01,0.014378014639454883,0.06898437605533544,0.24912900297042617,-1
1996-10-01,0.014055536907089196,0.06790915418111088,0.24931846088353266,-1
1996-11-01,0.013732298266420574,0.06802115485023918,0.25452302973336643,-1
1996-12-01,0.015066781388780686,0.07382282677522883,0.2729394601233177,-1
1997-01-01,0.015346457895257995,0.07898644122023363,0.2923722154049355,-1
1997-02-01,0.016192338552366806,0.08629498660576722,0.31302989259056707,-1
1997-03-01,0.017426851820080788,0.0921686087203962,0.3285746919717495,-1
1997-04-01,0.015749578173059085,0.08570408978356872,0.3173206840833976,-1
1997-05-01,0.013560792004097627,0.07632666506774513,0.2952135186564889,-1
1997-06-01,0.011610900619643346,0.06711580329097469,0.27049776341289955,-1
1997-07-01,0.010024171172329094,0.059615912624125494,0.24929254396330022,-1
1997-08-01,0.008996340244730087,0.054821563345130137,0.23645027211605202,-1
1997-09-01,0.0087363819382157,0.05566582064201927,0.24250763334910536,-1
1997-10-01,0.00855335743116371,0.05509662082735071,0.24108972517121396,-1
1997-11-01,0.008997558605252948,0.05750803461975304,0.250816033189958,-1
1997-12-01,0.00856798071430722,0.05733008097821114,0.25758433263872627,-1
1998-01-01,0.009457306489467882,0.06137833021963182,0.2720739248889047,-1
1998-02-01,0.009577076044354482,0.06182665971676446,0.2733641660529263,-1
1998-03-01,0.009346926299627245,0.06220399195192427,0.27705418232813916,-1
1998-04-01,0.009625474242594311,0.06255069809456534,0.2745545837923864,-1
1998-05-01,0.01073700911570184,0.06311464970495739,0.2675907913554422,-1
1998-06-01,0.010888881380186845,0.062036015750975296,0.25983647739289467,-1
1998-07-01,0.013468779632668688,0.06728653269913573,0.26803758016092116,-1
1998-08-01,0.027057360354798703,0.0927891812756252,0.30336580115396383,-1
1998-09-01,0.04426615576642197,0.12408631411234466,0.3427159682436903,-1
1998-10-01,0.04366121505796463,0.126910907547634,0.3502663284812002,-1
1998-11-01,0.039531047588740785,0.11687544338301058,0.3297092712675067,-1
1998-12-01,0.03620544632891426,0.1109784013910984,0.321738658431059,-1
1999-01-01,0.03220981927506733,0.10266810932785471,0.30863963325865407,-1
1999-02-01,0.034479777036014056,0.10635089016993739,0.3154717557884561,-1
1999-03-01,0.03396126339421418,0.10500918404163251,0.3150696752690479,-1
1999-04-01,0.03346456401182967,0.10473099862021927,0.3158132449875873,-1
1999-05-01,0.03027306167574937,0.09609334421220568,0.2984682622485049,-1
1999-06-01,0.029435470405676997,0.09738646300152343,0.3059523349569292,-1
1999-07-01,0.02775292242675431,0.09592454492539645,0.30709923182622,-1
1999-08-01,0.023805231552364206,0.08879397198242828,0.3014169184277286,-1
1999-09-01,0.021735407112905565,0.0864750718874443,0.3036578116764146,-1
1999-10-01,0.021837760531281402,0.09526011674678808,0.33031958457034144,-1
1999-11-01,0.026281142034738796,0.12636462135465434,0.388226609177139,-1
1999-12-01,0.026318357029218302,0.13797964364164161,0.4245068998050856,-1
2000-01-01,0.03109082291546305,0.1589313194998075,0.46064558745853973,-1
2000-02-01,0.03502616774786135,0.17734435604340498,0.48945470051248485,-1
2000-03-01,0.037266443393658616,0.19622580428085912,0.5238861460571015,-1
2000-04-01,0.05009950583496667,0.23831015086074384,0.5694682040263823,-1
2000-05-01,0.06592507144686383,0.28971757947859456,0.6187877724292603,-1
2000-06-01,0.06706076582356313,0.30005165601998063,0.6376810030721219,-1
2000-07-01,0.07776408229112278,0.3259852813162454,0.6608768573118603,-1
2000-08-01,0.08368975562276237,0.34868919961815803,0.6842758855597553,-1
2000-09-01,0.12494310975831271,0.41267308223710664,0.7215944739553392,-1
2000-10-01,0.16187652346170114,0.4550522258025689,0.743989239882476,-1
2000-11-01,0.24944831188796357,0.5149360739351003,0.7677324260993129,-1
2000-12-01,0.32314019014683626,0.5565171323895057,0.7808561426305987,-1
2001-01-01,0.3339462275944058,0.5616001317224827,0.7787647152986493,-1
2001-02-01,0.34081414101257923,0.5375763715152283,0.7448434691047041,-1
2001-03-01,0.42721847593937173,0.5680183370961944,0.7419637257512887,-1
2001-04-01,0.4695689728831845,0.5724627191593392,0.728276474098301,100
2001-05-01,0.48570244482365194,0.5526306402631606,0.694368390140949,100
2001-06-01,0.5090751248510021,0.5213984027139016,0.6400309848466497,100
2001-07-01,0.5495373192600789,0.515033479202414,0.6111426663268573,100
2001-08-01,0.5991798650375574,0.5248383235265243,0.5982743576574411,100
2001-09-01,0.6452861498616138,0.5361010197175805,0.5873773330225114,100
2001-10-01,0.6674740078331418,0.5157431589969875,0.548824746935714,100
2001-11-01,0.6593164824196885,0.4726712782121844,0.49588640742716644,100
2001-12-01,0.6496965322204298,0.43351993746690104,0.44776727817897455,-1
2002-01-01,0.6226703629113843,0.3971442108777539,0.4057429052781764,-1
2002-02-01,0.5474005728408728,0.3418838045856283,0.3527664522631236,-1
2002-03-01,0.45200189393667173,0.2841446777225597,0.2993655950426732,-1
2002-04-01,0.3892062546042496,0.24785083076426873,0.26830559092518197,-1
2002-05-01,0.3395462416020748,0.2204517849254906,0.24656438289102298,-1
2002-06-01,0.3005649533296388,0.20133583560785065,0.23489905065133346,-1
2002-07-01,0.2821082525060536,0.1946185456643299,0.23503288457757848,-1
2002-08-01,0.2532348259284675,0.17873117180181505,0.2247886454628531,-1
2002-09-01,0.24166252919437853,0.17210820713654637,0.22282377726084268,-1
2002-10-01,0.23173434099415935,0.17095462719714083,0.23011500499369197,-1
2002-11-01,0.2134184548350705,0.16799373171804227,0.23809425297711814,-1
2002-12-01,0.2092001472199831,0.17175326712728473,0.2467993904192253,-1
2003-01-01,0.2093148822155806,0.17439852974925635,0.25158031693778027,-1
2003-02-01,0.2113547664189883,0.17872873360401487,0.25769517048770785,-1
2003-03-01,0.23900740467248766,0.20157921736976525,0.28153876366833636,-1
2003-04-01,0.23256706043365755,0.20228737830029542,0.2883511390454485,-1
2003-05-01,0.2222994205104661,0.20112114080225035,0.2927522118452841,-1
2003-06-01,0.18872852254024022,0.1745500059373429,0.26369075418165155,-1
2003-07-01,0.15315039461390426,0.14429441265193393,0.22544670732732758,-1
2003-08-01,0.12184770549498125,0.11558902431010007,0.1868614070735152,-1
2003-09-01,0.09680691310606028,0.09245071549687066,0.15669987006376668,-1
2003-10-01,0.07700170295318809,0.0747119282881927,0.13787924796631984,-1
2003-11-01,0.061303188607722874,0.060783130826550465,0.12367703354366777,-1
2003-12-01,0.048707201457569266,0.04881702667509399,0.1068942953772892,-1
2004-01-01,0.03869748259879559,0.039211912491079075,0.09238025081849076,-1
2004-02-01,0.030751366704415185,0.031605442172775354,0.08093686540839579,-1
2004-03-01,0.024463954198301496,0.025845379774189558,0.0751985608509774,-1
2004-04-01,0.019536312730217307,0.02164634984664122,0.07323077217291302,-1
2004-05-01,0.015593785654727091,0.01805499643937533,0.06998708913669188,-1
2004-06-01,0.012446853671629841,0.015008139405942622,0.0662869213616232,-1
2004-07-01,0.01005888752694536,0.013491297250329189,0.07175359732858483,-1
2004-08-01,0.008231851579913605,0.013142649602243326,0.08172807650603252,-1
2004-09-01,0.0070165272304858325,0.014621530032945754,0.09620722784342596,-1
2004-10-01,0.006239007013903309,0.01620184456663643,0.10954418897330967,-1
2004-11-01,0.005247911804435627,0.01530190353219191,0.11135964141112228,-1
2004-12-01,0.004784567723469276,0.01796536826519281,0.133298057603437,-1
2005-01-01,0.005306256528832299,0.02858452491562933,0.1833548018423444,-1
2005-02-01,0.006196538189609296,0.039695961385607104,0.23085627047162258,-1
2005-03-01,0.006504666425984724,0.04208809057997943,0.2487438696462373,-1
2005-04-01,0.006580374799866918,0.04232486896934609,0.2660380263769283,-1
2005-05-01,0.006201397322970788,0.042884215774381354,0.2776303396051898,-1
2005-06-01,0.00723982715520631,0.055751664628594204,0.3129449870945771,-1
2005-07-01,0.006708469469234431,0.05532887889545579,0.31290180259183964,-1
2005-08-01,0.0066108181353046105,0.05555503564376077,0.3187566849189811,-1
2005-09-01,0.007338635967616478,0.06408307099762159,0.3521013511871657,-1
2005-10-01,0.013988400611891823,0.11603625139501787,0.43021124814806905,-1
2005-11-01,0.06435967577313245,0.25770416521923933,0.5328804994983456,-1
2005-12-01,0.09294533983981586,0.35596195221418636,0.6105728087337702,-1
2006-01-01,0.0819924071227163,0.3449685968533563,0.6348902389332043,-1
2006-02-01,0.07590507737597321,0.3027001548047854,0.6070624535914051,-1
2006-03-01,0.06911093335502705,0.28045222282532484,0.6086150696029762,-1
2006-04-01,0.06014787461000818,0.26626755052989437,0.6162496319075526,-1
2006-05-01,0.06030581614430349,0.27477592771288656,0.6417106678566618,-1
2006-06-01,0.065347581255457,0.29797147608461505,0.6736380270647191,-1
2006-07-01,0.0966057180288121,0.36550033301565615,0.7176644896249967,-1
2006-08-01,0.11205897419728444,0.4206522478392227,0.7529346565093662,-1
2006-09-01,0.1257718478429552,0.4646755208911123,0.7779364787410792,-1
2006-10-01,0.12221078751310406,0.4897551394009205,0.7946759025205995,-1
2006-11-01,0.11961040640612969,0.4826735683850957,0.791051953224173,-1
2006-12-01,0.10821763424335054,0.42661236139811837,0.7415216149303975,-1
2007-01-01,0.1005911234882386,0.37245821042943705,0.6858766775480174,-1
2007-02-01,0.10444229867723345,0.3555651920971162,0.6767328338923664,-1
2007-03-01,0.13252402594071533,0.39173235297868864,0.6962147153978966,-1
2007-04-01,0.1551580999621458,0.4292082369624435,0.7125875028121267,-1
2007-05-01,0.1442297389106313,0.42743795725292194,0.708718246629436,-1
2007-06-01,0.13972907504877521,0.42498407690353274,0.7022334310201424,-1
2007-07-01,0.13627827621649913,0.4223048948663949,0.7020506796160626,-1
2007-08-01,0.14987850308365175,0.4304322916652301,0.7019167635274632,-1
2007-09-01,0.150299783034403,0.41622628353988533,0.6845314895645316,-1
2007-10-01,0.14068946095234078,0.3775961016776331,0.6448192429427226,-1
2007-11-01,0.1638450708724075,0.3731182392782496,0.6278437826754761,-1
2007-12-01,0.17451650446822958,0.3525459254144934,0.591629447546394,-1
2008-01-01,0.24424359413323526,0.3963467790866483,0.6008587285831155,100
2008-02-01,0.3288935543058955,0.43829379249745537,0.5956924974854357,100
2008-03-01,0.39804421284481784,0.46587656826371937,0.5732371056632997,100
2008-04-01,0.3883750699118975,0.4309807549240806,0.5097858257607149,100
2008-05-01,0.4114032342761347,0.4291911594439811,0.47107055582051727,100
2008-06-01,0.47701034887279714,0.4706218197623517,0.46185112874688816,100
2008-07-01,0.5355412393449107,0.5115065942363808,0.4621805039399454,100
2008-08-01,0.5882774896049952,0.5609543174177007,0.48275976373819857,100
2008-09-01,0.6486663398286054,0.6316365783614522,0.5410480370000902,100
2008-10-01,0.6746792556864005,0.6843864276112618,0.5736413338101343,100
2008-11-01,0.6570679780381523,0.7062445198036529,0.5646599466039073,100
2008-12-01,0.6364983134392536,0.6994715477143763,0.537007215614071,100
2009-01-01,0.6510288170205351,0.6976302515663556,0.5256433714633183,100
2009-02-01,0.6538742128678966,0.6907692249072085,0.5258518300751966,100
2009-03-01,0.6496127871912416,0.6755670607929471,0.5103935721957797,100
2009-04-01,0.6622804083474998,0.6921513861828681,0.515494801077334,100
2009-05-01,0.6348974648875462,0.6929236221388184,0.5155830148815088,100
2009-06-01,0.5253744138025984,0.602630346007943,0.46259695984241994,100
2009-07-01,0.41971287884791836,0.4891476313774223,0.38867368218263837,-1
2009-08-01,0.3354305306848173,0.39952516362137014,0.3345362742761623,-1
2009-09-01,0.2670296780455051,0.3206670464200289,0.2801794453427412,-1
2009-10-01,0.21226586894285104,0.2559731667210711,0.23317484394537005,-1
2009-11-01,0.16853814025294553,0.20358396421202676,0.19088875821845128,-1
2009-12-01,0.13382186654209258,0.16207816255822324,0.15927976966793564,-1
2010-01-01,0.10626527402872264,0.12937826694012497,0.1389373555894414,-1
2010-02-01,0.0844089325060492,0.10392965132353281,0.12483513645628994,-1
2010-03-01,0.06703702209108336,0.08324708896915581,0.11008399125617883,-1
2010-04-01,0.053247815249352536,0.06656653303125379,0.0960850621917996,-1
2010-05-01,0.042323114675194486,0.05326921509430879,0.08407002302833763,-1
2010-06-01,0.03371900147645236,0.04279848584881445,0.07503200917085143,-1
2010-07-01,0.026854028904552834,0.03445229077478278,0.06618471991100046,-1
2010-08-01,0.021597950977575303,0.028525265322164255,0.06296218590506002,-1
2010-09-01,0.0180207863466318,0.02628055768906057,0.06914829779628648,-1
2010-10-01,0.014800248982169946,0.023881062061445864,0.07141689440955609,-1
2010-11-01,0.012409472768285634,0.022352318766545427,0.07365628250102865,-1
2010-12-01,0.010107641977219129,0.019449933888689246,0.07112773722521176,-1
2011-01-01,0.008089099476513753,0.016108030473097567,0.06375946536816225,-1
2011-02-01,0.006565829200400723,0.014174041793142834,0.062071088054631414,-1
2011-03-01,0.005384205640002443,0.012803337050705951,0.06149403410693598,-1
2011-04-01,0.004427977470593004,0.011503312167217413,0.05946361964300895,-1
2011-05-01,0.003575933726892625,0.00977049831851752,0.053660568174199515,-1
2011-06-01,0.002916032948757171,0.008623725708465261,0.051487665702925484,-1
2011-07-01,0.0025034739508749087,0.008439133723517251,0.05377270557944149,-1
2011-08-01,0.002198417505315707,0.008362887124725065,0.05633990411897647,-1
2011-09-01,0.004668218942707885,0.016649515438497804,0.0795469412452667,-1
2011-10-01,0.00702122681336461,0.024777397150001844,0.10060664365610868,-1
2011-11-01,0.007542233656640966,0.02726991918507651,0.11219127941247986,-1
2011-12-01,0.00989562893420556,0.033269827382583175,0.1242100146570654,-1
2012-01-01,0.011486877731728181,0.03771893422223961,0.1273289660337696,-1
2012-02-01,0.011726027440353127,0.0385223597210864,0.12494044259949656,-1
2012-03-01,0.011291004721408444,0.037304029373528814,0.11958039615457176,-1
2012-04-01,0.01065631475099654,0.03562363842727869,0.11582598640582059,-1
2012-05-01,0.015334961098902075,0.04732426990603315,0.13142889384725306,-1
2012-06-01,0.0202299219252062,0.060363965879542514,0.15129545371867859,-1
2012-07-01,0.02223347435492013,0.06776873733194133,0.16485738226393754,-1
2012-08-01,0.01946551819831085,0.06287004336588227,0.16068770025411833,-1
2012-09-01,0.0157761398936512,0.05265324325952094,0.14949799393497953,-1
2012-10-01,0.014490218025315808,0.05095870227649778,0.16314750021383614,-1
2012-11-01,0.014572641467845166,0.054440122031338516,0.1849427705437277,-1
2012-12-01,0.017267951405497806,0.06637298891188471,0.22066980599072436,-1
2013-01-01,0.01508399387533307,0.05985240533033638,0.21469488136593148,-1
2013-02-01,0.012845571020956893,0.05138709541941363,0.1980475364257394,-1
2013-03-01,0.010802948597092934,0.043466273445429984,0.17990806610006327,-1
2013-04-01,0.009473413327584865,0.03938388928989301,0.17365046673640536,-1
2013-05-01,0.007855448075271537,0.03398464541050777,0.1614945729876161,-1
2013-06-01,0.006712856607470624,0.029804370862068,0.15339756196527643,-1
2013-07-01,0.005541988633731224,0.025063519711855508,0.14014290192513137,-1
2013-08-01,0.004730676067516635,0.02195434883458641,0.1347609475435349,-1
2013-09-01,0.004027763160984788,0.019573003136484402,0.13095375791269898,-1
2013-10-01,0.003344533928144684,0.0172875111259109,0.12582246193318505,-1
2013-11-01,0.0027606265523470617,0.015024671418664077,0.11819263235801197,-1
2013-12-01,0.002278767207483364,0.013067341676739681,0.11129282187395993,-1
2014-01-01,0.0019977370265181287,0.011917543631629883,0.10790446518364484,-1
2014-02-01,0.0017366874614331567,0.011012602524055474,0.10477497649589818,-1
2014-03-01,0.0016974848754609724,0.011520184488744568,0.10939043520360463,-1
2014-04-01,0.0015593992765683985,0.010970883569022073,0.10717630109448908,-1
2014-05-01,0.001414054576595271,0.01023987473681343,0.10426472253669847,-1
2014-06-01,0.0012430240861154597,0.009319176226784954,0.09877441286107992,-1
2014-07-01,0.0011959910065460551,0.008923415890155452,0.0944195243025155,-1
2014-08-01,0.00107502924782144,0.00824965781888963,0.08770831522276154,-1
2014-09-01,0.0010820594082816789,0.008160378251781165,0.08354567372736633,-1
2014-10-01,0.0010971571653897103,0.008033346658080285,0.07942010661894577,-1
2014-11-01,0.0012058949433904136,0.008337515601454818,0.07854291145229665,-1
2014-12-01,0.0012961239497198019,0.008372632083291203,0.07603374026525672,-1
2015-01-01,0.0014602024519457025,0.008858101083959496,0.0748837496213269,-1
2015-02-01,0.0017840725218655257,0.010125819648335206,0.07673374033583429,-1
2015-03-01,0.00226780290512874,0.011598089842412436,0.08055182297512338,-1
2015-04-01,0.002753681240708303,0.013479309589307884,0.08571880746646761,-1
2015-05-01,0.0033567936598661004,0.01580904474479748,0.0918490594920368,-1
2015-06-01,0.00456732758289106,0.02059833439119414,0.10709186810992599,-1
2015-07-01,0.0044067611780730445,0.02049586389702103,0.10952530260059876,-1
2015-08-01,0.006128078195302004,0.02593583063511832,0.12456342498396258,-1
2015-09-01,0.012057246094759628,0.04166201762310136,0.1584189839023522,-1
2015-10-01,0.011999746780931794,0.042414325412900813,0.1621486691425179,-1
2015-11-01,0.01237709620823005,0.042565613809192306,0.16439681499057152,-1
2015-12-01,0.012104993059210286,0.040549789132421465,0.16193096975904103,-1
2016-01-01,0.012382858984454253,0.03947644341223057,0.16369327512300183,-1
2016-02-01,0.020728984858779026,0.052160646647690795,0.19626178036351816,-1
2016-03-01,0.023475053216007617,0.05834441131659704,0.21524921635443506,-1
2016-04-01,0.024690254384860902,0.060891206521037466,0.2243923121533568,-1
2016-05-01,0.025625490422382876,0.06357219515886033,0.2350739780626106,-1
2016-06-01,0.028834760520534186,0.07459680178044217,0.2566767997725897,-1
2016-07-01,0.03852638176877135,0.10095541351174217,0.29024971052775933,-1
2016-08-01,0.037642601182553484,0.10393055083193695,0.2986569771825949,-1
2016-09-01,0.031933827554343874,0.09200087889829113,0.2813265163183773,-1
2016-10-01,0.03161961370134688,0.08976468357837936,0.2798108042893472,-1
2016-11-01,0.03006808084602946,0.08794090121100138,0.2838884481296556,-1
2016-12-01,0.026328016091706357,0.08194977460527418,0.28046237154950165,-1
2017-01-01,0.021535781946016293,0.07027528881372265,0.2630315935087713,-1
2017-02-01,0.017437328216609583,0.059427353498363235,0.24449112313767116,-1
2017-03-01,0.014657605344174356,0.05334480315844854,0.24356426885746058,-1
2017-04-01,0.01266227065402515,0.050842150930368646,0.25453217852496657,-1
2017-05-01,0.011271666499324073,0.049439183645039124,0.2664281684887592,-1
2017-06-01,0.010137341281445372,0.04755196902368704,0.2736804536417779,-1
2017-07-01,0.009544517796424457,0.04648207170415597,0.2835382329174436,-1
2017-08-01,0.008964524505831309,0.04574549655418117,0.29804987276813977,-1
2017-09-01,0.008261080102060258,0.044748618762147516,0.3068463940712056,-1
2017-10-01,0.00749737877908908,0.0465424214134115,0.32475661394197225,-1
2017-11-01,0.0073852308616069425,0.05369303143234678,0.35521334323612924,-1
2017-12-01,0.007844475944069576,0.062177415924115166,0.3782490799413408,-1
2018-01-01,0.007165800775607972,0.06149794863167977,0.3737315199811879,-1
2018-02-01,0.007342227162470799,0.06106642446478444,0.37187251595962223,-1
2018-03-01,0.00816647204522649,0.06422651663801306,0.38255184523722097,-1
2018-04-01,0.00974907270463491,0.06982140789798591,0.3962053491249328,-1
2018-05-01,0.010118633414181441,0.07043052663199355,0.40435841179429355,-1
2018-06-01,0.010402776670370087,0.07047160673020487,0.411723939740535,-1
2018-07-01,0.010576102624778396,0.07133336212462968,0.42224741641229546,-1
2018-08-01,0.010361283781941817,0.07301643799702418,0.43265566130039834,-1
2018-09-01,0.011202413756880164,0.0783337105779136,0.45079059635367547,-1
2018-10-01,0.022845101277362584,0.10565709164045553,0.4910157965258245,-1
2018-11-01,0.030087751999736453,0.12355024661074485,0.5223199660828369,-1
2018-12-01,0.08705020295675833,0.19542173512918956,0.5773020327820413,-1
2019-01-01,0.13249467953869937,0.25017667461810816,0.6162321731879015,-1
2019-02-01,0.1325385315784099,0.26363372339908775,0.6299998655982012,-1
2019-03-01,0.11733629990701198,0.24979680320075628,0.6166757433011957,-1
2019-04-01,0.10503784499639257,0.24570715533247517,0.6142697739110631,-1
2019-05-01,0.14121110349229776,0.2948804335794296,0.6376319754543465,-1
2019-06-01,0.16109272468076002,0.3360637544987972,0.6562120626350678,-1
2019-07-01,0.19208657298753878,0.3738937261919766,0.6661345034290159,-1
2019-08-01,0.23711179737454122,0.4169113197469579,0.677145609839805,-1
2019-09-01,0.27346503019513924,0.44176053542147353,0.6704546408556438,-1
2019-10-01,0.25041100000139827,0.4207152697721649,0.6408136915982341,-1
2019-11-01,0.233258236423042,0.3924880597999669,0.5985036457237486,-1
2019-12-01,0.1919851392945992,0.3332080809659786,0.5327470620213288,-1
2020-01-01,0.18057323568428663,0.31477317150707695,0.5127298076110978,-1
2020-02-01,0.25172981646589865,0.3529853687988003,0.5259850711852281,-1
2020-03-01,0.3823506261890126,0.44394668443568197,0.5678348887240301,100
2020-04-01,0.5013348111659737,0.5414924361575623,0.6110763745323299,100
2020-05-01,0.5059577953752165,0.5596474280052494,0.6296319361759639,-1
2020-06-01,0.5096412575321714,0.5740615831256397,0.6443619700015669,-1
2020-07-01,0.5143872137703562,0.586718398535282,0.6566962843594788,-1
2020-08-01,0.5163140133585359,0.595542459009472,0.6658400394079593,-1
2020-09-01,0.5178441012473959,0.6025446861520591,0.6730991612390661,-1
2020-10-01,0.5215309128264605,0.6042555615949667,0.6799462568443236,-1
2020-11-01,0.525460979608327,0.5931189666750173,0.6839731719420791,-1
2020-12-01,0.5088993489550904,0.5401174867906351,0.6669590765902598,-1
2021-01-01,0.43704134906661307,0.4487301043180791,0.5985493978806878,-1
2021-02-01,0.3571764702466521,0.3675411865923892,0.5253001861470135,-1
2021-03-01,0.29079389459256544,0.3077705761390355,0.4815177168191668,-1
2021-04-01,0.2529481202583086,0.27811172425795694,0.480916276321114,-1
2021-05-01,0.26097474921427116,0.36215524259263987,0.5567309815245577,-1
2021-06-01,0.23911288020962201,0.4071426640440729,0.6117800336337381,-1
2021-07-01,0.19587838388244933,0.37679626173102354,0.6217726364458444,-1
2021-08-01,0.1601616168419619,0.34195833910440093,0.6149397964261736,-1
2021-09-01,0.12937892920405736,0.2975690350963796,0.5950785297096146,-1
2021-10-01,0.10308906390810821,0.24521462819636372,0.5387222727353528,-1
2021-11-01,0.08228486029033161,0.20133002661096394,0.48995649700023125,-1
2021-12-01,0.06626721965108265,0.17249571890996684,0.46814934189914914,-1
2022-01-01,0.061125165744348745,0.18724342850874864,0.4979481134198891,-1
2022-02-01,0.09206599843586852,0.25896910765386283,0.5505559475231971,-1
2022-03-01,0.09347920542318602,0.2799850713767982,0.5771091733811058,-1
2022-04-01,0.11839333090092086,0.3168966976857725,0.6129646519456708,-1
2022-05-01,0.1266704985320255,0.33955397880022853,0.6442172670949928,-1
2022-06-01,0.19253474011920302,0.39796109028369164,0.6868476874925942,-1
2022-07-01,0.24059312771660668,0.4557754052656888,0.7288681666204653,-1
2022-08-01,0.3467471941619994,0.5417250342317896,0.7768660636222162,-1
2022-09-01,0.44841963778784744,0.6112987268152863,0.8167471174113758,-1
2022-10-01,0.5132984701211224,0.6395005829560556,0.8443767539765111,-1
2022-11-01,0.5251850999072329,0.6317396192392858,0.8603482359404873,-1
2022-12-01,0.6029733762934549,0.6667288491886483,0.8811821746260756,-1
2023-01-01,0.6510014756469238,0.7079073234506812,0.9005711392335238,-1
2023-02-01,0.6874355414139164,0.7431680884375231,0.9161388128233339,-1
2023-03-01,0.7044089826165262,0.7631372417820622,0.9277267534215203,-1
2023-04-01,0.654814648081974,0.7808977634698717,0.9375572434482022,-1
2023-05-01,0.6424586472585597,0.8091987802059788,0.9461237406355539,-1
2023-06-01,0.5385117013015541,0.8231984606827392,0.9512352724347144,-1
2023-07-01,0.46866865813521874,0.8308557255884476,0.9544974116804659,-1
2023-08-01,0.4087142303030928,0.8382071934634328,0.9578401485316659,-1
2023-09-01,0.3372640060710419,0.8241075561735642,0.9575442680224844,-1
2023-10-01,0.33782636868521815,0.8360099809792648,0.9601961212741127,-1
2023-11-01,0.30701132740132914,0.8312545836083318,0.9592653299878521,-1
2023-12-01,0.2618513282922968,0.8174401639553456,0.9527783682949688,-1
2024-01-01,0.2693880013542462,0.8294195429040513,0.9506529610332956,-1
2024-02-01,0.22867942172872407,0.8057991239803646,0.9399407716136285,-1
2024-03-01,0.2023963476000713,0.7916093614197277,0.9312029739134614,-1
2024-04-01,0.23143044099069537,0.8097198170353204,0.9333351719950715,-1
2024-05-01,0.21260577760477686,0.8058417313953966,0.9320125086233498,-1
2024-06-01,0.23043301513496073,0.8161091004826446,0.932871930627728,-1
2024-07-01,0.26239665959867164,0.8249782514930203,0.9311956552829135,-1
2024-08-01,0.2388421256520235,0.7973849066353282,0.9156795555886089,-1
2024-09-01,0.21052740086835972,0.7517823365584672,0.880653784323408,-1
2024-10-01,0.1864254613204481,0.6946820634299112,0.8325477774554545,-1
